{"name":"a0956331-d7c1-45f3-9956-0343afd8460f","id":"/providers/Microsoft.Flow/flows/a0956331-d7c1-45f3-9956-0343afd8460f","type":"Microsoft.Flow/flows","properties":{"apiId":"/providers/Microsoft.PowerApps/apis/shared_logicflows","displayName":"Refresh a Power BI dataset","definition":{"metadata":{"workflowEntityId":null,"processAdvisorMetadata":null,"flowChargedByPaygo":null,"flowclientsuspensionreason":"None","flowclientsuspensiontime":null,"flowclientsuspensionreasondetails":null,"creator":{"id":"9606e47d-af0d-4f02-bef9-38a25bc28b3f","type":"User","tenantId":"fe34d8ad-2153-43b4-80b6-a34ff8be5db6"},"provisioningMethod":"FromDefinition","failureAlertSubscription":true,"clientLastModifiedTime":"2023-06-06T06:26:16.5617657Z"},"$schema":"https://schema.management.azure.com/providers/Microsoft.Logic/schemas/2016-06-01/workflowdefinition.json#","contentVersion":"1.0.0.0","parameters":{"$connections":{"defaultValue":{},"type":"Object"},"$authentication":{"defaultValue":{},"type":"SecureObject"}},"triggers":{"When_an_item_is_created_or_modified":{"recurrence":{"frequency":"Minute","interval":5},"splitOn":"@triggerOutputs()?['body/value']","metadata":{"operationMetadataId":"2acfb939-a453-4348-888b-3b28a0ff8640"},"type":"OpenApiConnection","inputs":{"host":{"apiId":"/providers/Microsoft.PowerApps/apis/shared_sharepointonline","connectionName":"shared_sharepointonline","operationId":"GetOnUpdatedItems"},"parameters":{"dataset":"https://vv72k.sharepoint.com/sites/ExpensesReportApp","table":"ef8d521e-d5d2-4907-ab56-7cd4138566d7"},"authentication":"@parameters('$authentication')"}}},"actions":{"Refresh_a_dataset":{"runAfter":{},"metadata":{"operationMetadataId":"42feb6bb-8286-4d84-8131-92457df20320"},"type":"OpenApiConnection","inputs":{"host":{"apiId":"/providers/Microsoft.PowerApps/apis/shared_powerbi","connectionName":"shared_powerbi","operationId":"RefreshDataset"},"parameters":{"groupid":"myworkspace","datasetid":"24a05ddc-6dfb-4b73-a703-009bbb6fb84d"},"authentication":"@parameters('$authentication')"}}}},"connectionReferences":{"shared_powerbi":{"connectionName":"shared-powerbi-ab90aee2-1a28-4a71-9ff4-87d17765c7b7","source":"Embedded","id":"/providers/Microsoft.PowerApps/apis/shared_powerbi","tier":"NotSpecified"},"shared_sharepointonline":{"connectionName":"816d537ddb7e4802852f17e61b5ff244","source":"Embedded","id":"/providers/Microsoft.PowerApps/apis/shared_sharepointonline","tier":"NotSpecified"}},"flowFailureAlertSubscribed":false,"isManaged":false}}