<environmentvariabledefinition schemaname="kw_dbExpenses">
  <apiid>/providers/microsoft.powerapps/apis/shared_sharepointonline</apiid>
  <defaultvalue>https://vv72k.sharepoint.com/sites/ExpensesReportApp</defaultvalue>
  <displayname default="dbExpenses">
    <label description="dbExpenses" languagecode="1033" />
  </displayname>
  <introducedversion>1.0.0.0</introducedversion>
  <iscustomizable>1</iscustomizable>
  <isrequired>0</isrequired>
  <parameterkey>dataset</parameterkey>
  <secretstore>0</secretstore>
  <type>100000004</type>
</environmentvariabledefinition>