{"name":"2f9fa752-7465-49df-880d-eab67e4c30c4","id":"/providers/Microsoft.Flow/flows/2f9fa752-7465-49df-880d-eab67e4c30c4","type":"Microsoft.Flow/flows","properties":{"apiId":"/providers/Microsoft.PowerApps/apis/shared_logicflows","displayName":"Expense Approval","definition":{"metadata":{"workflowEntityId":null,"processAdvisorMetadata":null,"flowChargedByPaygo":null,"flowclientsuspensionreason":"None","flowclientsuspensiontime":null,"flowclientsuspensionreasondetails":null,"creator":{"id":"9606e47d-af0d-4f02-bef9-38a25bc28b3f","type":"User","tenantId":"fe34d8ad-2153-43b4-80b6-a34ff8be5db6"},"provisioningMethod":"FromDefinition","failureAlertSubscription":true,"clientLastModifiedTime":"2023-06-06T12:29:41.273185Z"},"$schema":"https://schema.management.azure.com/providers/Microsoft.Logic/schemas/2016-06-01/workflowdefinition.json#","contentVersion":"1.0.0.0","parameters":{"$connections":{"defaultValue":{},"type":"Object"},"$authentication":{"defaultValue":{},"type":"SecureObject"}},"triggers":{"When_an_expense_is_created":{"recurrence":{"frequency":"Minute","interval":5},"splitOn":"@triggerOutputs()?['body/value']","metadata":{"operationMetadataId":"21ade36c-efc7-4627-9fd3-ccd7c63b7e4d"},"type":"OpenApiConnection","inputs":{"host":{"apiId":"/providers/Microsoft.PowerApps/apis/shared_sharepointonline","connectionName":"shared_sharepointonline","operationId":"GetOnNewItems"},"parameters":{"dataset":"https://vv72k.sharepoint.com/sites/ExpensesReportApp","table":"ef8d521e-d5d2-4907-ab56-7cd4138566d7"},"authentication":"@parameters('$authentication')"}}},"actions":{"Start_and_wait_for_an_approval":{"runAfter":{},"metadata":{"operationMetadataId":"32d0832d-906d-41f1-8493-e3eaa495e228"},"type":"OpenApiConnectionWebhook","inputs":{"host":{"apiId":"/providers/Microsoft.PowerApps/apis/shared_approvals","connectionName":"shared_approvals","operationId":"StartAndWaitForAnApproval"},"parameters":{"approvalType":"Basic","WebhookApprovalCreationInput/title":"New approval from @{triggerOutputs()?['body/Submitter/DisplayName']}","WebhookApprovalCreationInput/assignedTo":"@{triggerOutputs()?['body/Approver/Email']}; KlaudiaW@vv72k.onmicrosoft.com","WebhookApprovalCreationInput/details":"Expense receipt date: @{triggerOutputs()?['body/Receipt_Date']}\nDescription: @{triggerOutputs()?['body/Description']}\nCategory: @{triggerOutputs()?['body/Category0/Value']}\nValue: $@{triggerOutputs()?['body/Amount']}","WebhookApprovalCreationInput/itemLink":"@triggerOutputs()?['body/{Link}']","WebhookApprovalCreationInput/requestor":"@{triggerOutputs()?['body/Submitter/Email']};","WebhookApprovalCreationInput/enableNotifications":true,"WebhookApprovalCreationInput/enableReassignment":true},"authentication":"@parameters('$authentication')"}},"Apply_to_each":{"foreach":"@outputs('Start_and_wait_for_an_approval')?['body/responses']","actions":{"Condition":{"actions":{"Update_item_if_true":{"runAfter":{},"metadata":{"operationMetadataId":"36bc6d3d-d612-4402-b3bb-8a40371eee31"},"type":"OpenApiConnection","inputs":{"host":{"apiId":"/providers/Microsoft.PowerApps/apis/shared_sharepointonline","connectionName":"shared_sharepointonline","operationId":"PatchItem"},"parameters":{"dataset":"https://vv72k.sharepoint.com/sites/ExpensesReportApp","table":"ef8d521e-d5d2-4907-ab56-7cd4138566d7","id":"@triggerOutputs()?['body/ID']","item/Receipt_Date":"@triggerOutputs()?['body/Receipt_Date']","item/Amount":"@triggerOutputs()?['body/Amount']","item/Category/Value":"Approved"},"authentication":"@parameters('$authentication')"}}},"runAfter":{},"else":{"actions":{"Update_item_if_false":{"runAfter":{},"metadata":{"operationMetadataId":"2816c95b-24c6-46eb-84e9-c26b1ba6bf51"},"type":"OpenApiConnection","inputs":{"host":{"apiId":"/providers/Microsoft.PowerApps/apis/shared_sharepointonline","connectionName":"shared_sharepointonline","operationId":"PatchItem"},"parameters":{"dataset":"https://vv72k.sharepoint.com/sites/ExpensesReportApp","table":"ef8d521e-d5d2-4907-ab56-7cd4138566d7","id":"@triggerOutputs()?['body/ID']","item/Receipt_Date":"@triggerOutputs()?['body/Receipt_Date']","item/Amount":"@triggerOutputs()?['body/Amount']","item/Category/Value":"Declined"},"authentication":"@parameters('$authentication')"}}}},"expression":{"equals":["@items('Apply_to_each')?['approverResponse']","Approve"]},"metadata":{"operationMetadataId":"2cbe560b-89c7-44d0-aa02-8f162faab115"},"type":"If"}},"runAfter":{"Start_and_wait_for_an_approval":["Succeeded"]},"metadata":{"operationMetadataId":"b7211f64-681f-4556-a2a5-b46137ec2159"},"type":"Foreach"}}},"connectionReferences":{"shared_approvals":{"connectionName":"shared-approvals-7b0b5781-e149-4d3a-8edb-186e2ead6942","source":"Embedded","id":"/providers/Microsoft.PowerApps/apis/shared_approvals","tier":"NotSpecified"},"shared_sharepointonline":{"connectionName":"816d537ddb7e4802852f17e61b5ff244","source":"Embedded","id":"/providers/Microsoft.PowerApps/apis/shared_sharepointonline","tier":"NotSpecified"}},"flowFailureAlertSubscribed":false,"isManaged":false}}